web-scraper-order,web-scraper-start-url,Product_Name,Product_Prices,Product_Sold
"1714669991-1","https://www.ebay.com/b/Mens-Fitness-Running-Shoes/158952/bn_1965202","For Dunk Low Jarritos Unisex Casual Sneakers Fashion Street Sports Board Shoes","IDR2,241,935.48","6 sold"
"1714669991-2","https://www.ebay.com/b/Mens-Fitness-Running-Shoes/158952/bn_1965202","Nike SB Dunk Low (Concepts Blue Lobster)","IDR4,887,096.77",""
"1714669991-3","https://www.ebay.com/b/Mens-Fitness-Running-Shoes/158952/bn_1965202","Nike dunk 1 OG Low SP x Travis Scott Black Phantom (DM7866-001)","IDR4,806,451.61",""
"1714669991-4","https://www.ebay.com/b/Mens-Fitness-Running-Shoes/158952/bn_1965202","Nike dunk 1 Low x Travis Scott Mocha 2019 (CQ4277-001) Size4-12","IDR5,161,290.32",""
"1714669991-5","https://www.ebay.com/b/Mens-Fitness-Running-Shoes/158952/bn_1965202","NEW YZY Boost 350 V2 SPORTS SHOES TRAINERS FITNESS GYM SPORTS RUNNING SHOCK","IDR546,871.00",""
"1714669991-6","https://www.ebay.com/b/Mens-Fitness-Running-Shoes/158952/bn_1965202","Boost 350 V2 SPORTS SPORTS  SHOCK SHOES TRAINERS FITNESS GYM RUNNING","IDR459,621.50",""
"1714669991-7","https://www.ebay.com/b/Mens-Fitness-Running-Shoes/158952/bn_1965202","adidas AS 520 Originals Mens Shoes Trainers Uk Size 7 - 12 GW8803 Black Gold","IDR1,168,498.50","76 sold"
"1714669991-8","https://www.ebay.com/b/Mens-Fitness-Running-Shoes/158952/bn_1965202","Adidas IG0792 Korn Originals Campus '00s Black White Gum Men's Shoes","IDR3,709,516.13",""
"1714669991-9","https://www.ebay.com/b/Mens-Fitness-Running-Shoes/158952/bn_1965202","adidas ZX 750 Mens Shoes Trainers Uk Size 7 to 12 GW5529 Originals  Grey Silver","IDR1,108,048.50","196 sold"
"1714669991-10","https://www.ebay.com/b/Mens-Fitness-Running-Shoes/158952/bn_1965202","adidas Samba Super Mens Shoes Trainers Uk Size 7 - 12  019332 Navy Blue","IDR1,168,297.00","998 sold"
"1714669991-11","https://www.ebay.com/b/Mens-Fitness-Running-Shoes/158952/bn_1965202","adidas Beckenbauer Originals Mens Shoes Trainers Uk Sizes 7 - 1 2   G96460 Brown","IDR1,066,741.00","160 sold"
"1714669991-12","https://www.ebay.com/b/Mens-Fitness-Running-Shoes/158952/bn_1965202","adidas SL 72 Vintage Originals Mens Shoes Trainers Uk Size 7 - 12   909495","IDR1,269,248.50","83 sold"
"1714669991-13","https://www.ebay.com/b/Mens-Fitness-Running-Shoes/158952/bn_1965202","Adidas ZX 750 Originals Mens Shoes Trainers Uk Size 7 to 12   G96718","IDR1,067,748.50","99 sold"
"1714669991-14","https://www.ebay.com/b/Mens-Fitness-Running-Shoes/158952/bn_1965202","Supreme x Nike SB Dunk Low Gray Red FC1688-121","IDR4,870,967.74",""
"1714669991-15","https://www.ebay.com/b/Mens-Fitness-Running-Shoes/158952/bn_1965202","Nike x Ben & Jerry's SB Dunk Low ""Chunky Dunky"" sneakers","IDR5,080,645.16",""
"1714669991-16","https://www.ebay.com/b/Mens-Fitness-Running-Shoes/158952/bn_1965202","New Balance Men's Fresh Foam X 1080 V12 Running Shoe Sage Leaf","",""
"1714669991-17","https://www.ebay.com/b/Mens-Fitness-Running-Shoes/158952/bn_1965202","adidas Samba OG Mens Originals Shoes Trainers Uk Size 5 - 12  B75806 White black","IDR1,309,347.00","209 sold"
"1714669991-18","https://www.ebay.com/b/Mens-Fitness-Running-Shoes/158952/bn_1965202","adidas dragon Mens Originals Trainers Uk Size 7 - 12  G50919 NAVY WHITE MET GOLD","IDR1,168,297.00","160 sold"
"1714669991-19","https://www.ebay.com/b/Mens-Fitness-Running-Shoes/158952/bn_1965202","adidas ZX 750 Mens Shoes Trainers Uk Size 7 to 12 GW5531 Originals  Black Silver","IDR1,309,145.50","162 sold"
"1714669991-20","https://www.ebay.com/b/Mens-Fitness-Running-Shoes/158952/bn_1965202","adidas Samba Super Mens Shoes Trainers Uk Size 7 to 12  019099  Black Leather","IDR1,047,598.50","368 sold"
"1714669991-21","https://www.ebay.com/b/Mens-Fitness-Running-Shoes/158952/bn_1965202","New Balance 9060 U9060WRB Warped Multi-Color Sneaker Men's","IDR3,193,548.39",""
"1714669991-22","https://www.ebay.com/b/Mens-Fitness-Running-Shoes/158952/bn_1965202","New Balance 9060 Beach Glass U9060NBN","IDR3,258,064.52","4 watching"
"1714669991-23","https://www.ebay.com/b/Mens-Fitness-Running-Shoes/158952/bn_1965202","Travis Scott Air Jordan 1 Retro Low OG SP Reverse Mocha Men’s sneakers us10=eu44","IDR4,193,387.10","6 watching"
"1714669991-24","https://www.ebay.com/b/Mens-Fitness-Running-Shoes/158952/bn_1965202","adidas ZX 750 Mens Shoes Trainers Uk Size 7 to 12 G40159  Originals  Navy White","IDR1,108,048.50",""
"1714669991-25","https://www.ebay.com/b/Mens-Fitness-Running-Shoes/158952/bn_1965202","For Dunk Low Big Money Savings Unisex Sneakers Casual Street Sports Board Shoes","IDR2,241,935.48",""
"1714669991-26","https://www.ebay.com/b/Mens-Fitness-Running-Shoes/158952/bn_1965202","ASICS Weight Lifting Shoes White / Black 1163A006-100 From Japan US4.5-10 NEW","IDR5,332,096.77","6 watching"
"1714669991-27","https://www.ebay.com/b/Mens-Fitness-Running-Shoes/158952/bn_1965202","adidas AS 520 Originals Mens Shoes Trainers Uk Size 7 to 12 GW8800 Brown Gold","IDR1,168,498.50","38 sold"
"1714669991-28","https://www.ebay.com/b/Mens-Fitness-Running-Shoes/158952/bn_1965202","New Balance 9060 Black (U9060BPM)","IDR1,685,331.61",""
"1714669991-29","https://www.ebay.com/b/Mens-Fitness-Running-Shoes/158952/bn_1965202","Concepts x Nike SB Dunk Low Green Lobster BV1310-337","IDR5,129,032.26",""
"1714669991-30","https://www.ebay.com/b/Mens-Fitness-Running-Shoes/158952/bn_1965202","CONCEPTS x Nike Dunk SB Low ""Orange Lobster"" FD8776-800","IDR5,080,645.16",""
"1714669991-31","https://www.ebay.com/b/Mens-Fitness-Running-Shoes/158952/bn_1965202","ON Running Cloud Terry Mens Running Shoes White 18.99685 5 Sport Fitness Shoe NEW","IDR2,235,780.85","23 watching"
"1714669991-32","https://www.ebay.com/b/Mens-Fitness-Running-Shoes/158952/bn_1965202","ON Running Cloud 5 Mens Sneakers Black 59,98986 Workout Shoes Running Shoes","IDR2,390,863.92","2 watching"
"1714669991-33","https://www.ebay.com/b/Mens-Fitness-Running-Shoes/158952/bn_1965202","Adidas Beckenbauer Originals Mens Shoes Trainers Uk Sizes 7 to 12   B34800","IDR1,208,798.50","47 sold"
"1714669991-34","https://www.ebay.com/b/Mens-Fitness-Running-Shoes/158952/bn_1965202","Adidas Mens Ultraboost 22 / White Blue Red / RRP £160","IDR1,551,550.00","7 watching"
"1714669991-35","https://www.ebay.com/b/Mens-Fitness-Running-Shoes/158952/bn_1965202","New Balance 'Warped Multi-Color' U9060WRB Sports running shoes","IDR3,000,000.00",""
"1714669991-36","https://www.ebay.com/b/Mens-Fitness-Running-Shoes/158952/bn_1965202","Kineya Muteki Tabi Japanese Running Shoes Ninja Split Toe Black Barefoot Feeling","IDR1,241,935.48","94 watching"
"1714669991-37","https://www.ebay.com/b/Mens-Fitness-Running-Shoes/158952/bn_1965202","ASICS Superblast Breathable Mesh Outdoor Anti slip Running Shoes 1013A127 700","IDR3,064,516.13",""
"1714669991-38","https://www.ebay.com/b/Mens-Fitness-Running-Shoes/158952/bn_1965202","Travis Scott x Nike SB Dunk Low Premium QS 'Cactus Jack' CT5053‑001","IDR3,838,709.68",""
"1714669991-39","https://www.ebay.com/b/Mens-Fitness-Running-Shoes/158952/bn_1965202","Travis Scott x Air Jordan 1 Low Golf 'Neutral Olive' Dunk FZ3124‑200","IDR5,129,032.26",""
"1714669991-40","https://www.ebay.com/b/Mens-Fitness-Running-Shoes/158952/bn_1965202","Balenciaga Cargo Men's Gray/White Low Top Sneakers New Paris Fashion Week","","13 watching"
"1714669991-41","https://www.ebay.com/b/Mens-Fitness-Running-Shoes/158952/bn_1965202","Puma Explore NITRO Mid GTX - GORE-TEX - 377860-03 Hiking Shoes Outdoor Shoes","IDR1,718,837.31",""
"1714669991-42","https://www.ebay.com/b/Mens-Fitness-Running-Shoes/158952/bn_1965202","Adidas Jeans Originals Mens Shoes Trainers Uk Size 7 - 12   IE5318  BLUE WHITE","IDR1,309,548.50","61 watching"
"1714669991-43","https://www.ebay.com/b/Mens-Fitness-Running-Shoes/158952/bn_1965202","Brooks Running Shoes Mens Glycerin 19 Running Sport Training Jogging DNA Loft 42","IDR1,188,108.60","Only 1 left!"
"1714669991-44","https://www.ebay.com/b/Mens-Fitness-Running-Shoes/158952/bn_1965202","adidas alphabounce + sustainable bounce sneaker sneakers athletic shoes","IDR861,400.27","172 sold"
"1714669991-45","https://www.ebay.com/b/Mens-Fitness-Running-Shoes/158952/bn_1965202","SNORS LACES ROUND 60-150cm 3mm polyester sports shoes sneakers sneakers","IDR60,137.77","180 sold"
"1714669991-46","https://www.ebay.com/b/Mens-Fitness-Running-Shoes/158952/bn_1965202","Adidas Jeans Originals Mens Shoes Trainers Uk Size 7 - 11   CQ2769  Grey blue","IDR1,128,198.50","51 sold"
"1714669991-47","https://www.ebay.com/b/Mens-Fitness-Running-Shoes/158952/bn_1965202","SKECHERS MENS SHOES GREY WALKING MEMORY FOAM SOFT GYM SKETCHERS TRAINERS","IDR1,006,492.50",""
"1714669991-48","https://www.ebay.com/b/Mens-Fitness-Running-Shoes/158952/bn_1965202","Elastic rubber laces round 120 cm quick release quick lacing system","IDR120,447.85","209 sold"
"1714669991-49","https://www.ebay.com/b/Mens-Fitness-Running-Shoes/158952/bn_1965202","adidas Dragon Originals Mens Shoes Trainers Size 7 - 12 G50922  Blue Bird  White","IDR1,047,598.50","60 sold"
"1714669991-50","https://www.ebay.com/b/Mens-Fitness-Running-Shoes/158952/bn_1965202","Mizuno Unisex Wave Prophecy 11 Running Shoes Trainers Jogging Sports - Black","IDR2,208,064.52",""
"1714669991-51","https://www.ebay.com/b/Mens-Fitness-Running-Shoes/158952/bn_1965202","Adidas Yeezy Boost 700 V2-EF2829 Static Kanye West shoes Men's","IDR3,693,548.39",""
"1714669991-52","https://www.ebay.com/b/Mens-Fitness-Running-Shoes/158952/bn_1965202","Merrell Mens Speed Strike GORE-TEX Walking Shoes Trainers Outdoor Hiking - Black","IDR1,468,935.00",""
"1714669991-53","https://www.ebay.com/b/Mens-Fitness-Running-Shoes/158952/bn_1965202","PUMA Men's R78 Sneakers","","104 sold"
"1714669991-54","https://www.ebay.com/b/Mens-Fitness-Running-Shoes/158952/bn_1965202","adidas Mens Cloud Ultra 4D Trainers Sneakers Sports Shoes Runners Running","IDR2,015,000.00","4 watching"
"1714669991-55","https://www.ebay.com/b/Mens-Fitness-Running-Shoes/158952/bn_1965202","Brooks Mens Ghost 14 Running Shoes Trainers Sneakers Jogging Sports Grey","IDR1,468,935.00",""
"1714669991-56","https://www.ebay.com/b/Mens-Fitness-Running-Shoes/158952/bn_1965202","Mizuno Unisex Wave Prophecy 11 Running Shoes Trainers Jogging Sports - Black","IDR2,476,435.00",""
"1714669991-57","https://www.ebay.com/b/Mens-Fitness-Running-Shoes/158952/bn_1965202","ORIGINAL BW BUNDESWEHR SAMBA SPORTS SHOES HALL SHOES SNEAKER WHITE","IDR261,056.48","4 watching"
"1714669991-58","https://www.ebay.com/b/Mens-Fitness-Running-Shoes/158952/bn_1965202","PUMA Men's Smash v2 Sneakers","",""
"1714669991-59","https://www.ebay.com/b/Mens-Fitness-Running-Shoes/158952/bn_1965202","Travis Scott x Frgment Design x Low OG SP Men’s sneakers Air Jordan original box","IDR4,193,387.10",""
"1714669991-60","https://www.ebay.com/b/Mens-Fitness-Running-Shoes/158952/bn_1965202","Brooks Mens Glycerin GTS 20 Running Shoes Trainers Jogging Sports - Black","IDR1,811,485.00",""
"1714669991-61","https://www.ebay.com/b/Mens-Fitness-Running-Shoes/158952/bn_1965202","For Dunk Low Jarritos Unisex Casual Sneakers Fashion Street Sports Board Shoes","IDR2,241,935.48","6 sold"
"1714669991-62","https://www.ebay.com/b/Mens-Fitness-Running-Shoes/158952/bn_1965202","Nike SB Dunk Low (Concepts Blue Lobster)","IDR4,887,096.77",""
"1714669991-63","https://www.ebay.com/b/Mens-Fitness-Running-Shoes/158952/bn_1965202","Nike dunk 1 OG Low SP x Travis Scott Black Phantom (DM7866-001)","IDR4,806,451.61",""
"1714669991-64","https://www.ebay.com/b/Mens-Fitness-Running-Shoes/158952/bn_1965202","Nike dunk 1 Low x Travis Scott Mocha 2019 (CQ4277-001) Size4-12","IDR5,161,290.32",""
"1714669991-65","https://www.ebay.com/b/Mens-Fitness-Running-Shoes/158952/bn_1965202","NEW YZY Boost 350 V2 SPORTS SHOES TRAINERS FITNESS GYM SPORTS RUNNING SHOCK","IDR546,871.00",""
"1714669991-66","https://www.ebay.com/b/Mens-Fitness-Running-Shoes/158952/bn_1965202","Boost 350 V2 SPORTS SPORTS  SHOCK SHOES TRAINERS FITNESS GYM RUNNING","IDR459,621.50",""
"1714669991-67","https://www.ebay.com/b/Mens-Fitness-Running-Shoes/158952/bn_1965202","adidas AS 520 Originals Mens Shoes Trainers Uk Size 7 - 12 GW8803 Black Gold","IDR1,168,498.50","76 sold"
"1714669991-68","https://www.ebay.com/b/Mens-Fitness-Running-Shoes/158952/bn_1965202","Adidas IG0792 Korn Originals Campus '00s Black White Gum Men's Shoes","IDR3,709,516.13",""
"1714669991-69","https://www.ebay.com/b/Mens-Fitness-Running-Shoes/158952/bn_1965202","adidas ZX 750 Mens Shoes Trainers Uk Size 7 to 12 GW5529 Originals  Grey Silver","IDR1,108,048.50","196 sold"
"1714669991-70","https://www.ebay.com/b/Mens-Fitness-Running-Shoes/158952/bn_1965202","adidas Samba Super Mens Shoes Trainers Uk Size 7 - 12  019332 Navy Blue","IDR1,168,297.00","998 sold"
"1714669991-71","https://www.ebay.com/b/Mens-Fitness-Running-Shoes/158952/bn_1965202","adidas Beckenbauer Originals Mens Shoes Trainers Uk Sizes 7 - 1 2   G96460 Brown","IDR1,066,741.00","160 sold"
"1714669991-72","https://www.ebay.com/b/Mens-Fitness-Running-Shoes/158952/bn_1965202","adidas SL 72 Vintage Originals Mens Shoes Trainers Uk Size 7 - 12   909495","IDR1,269,248.50","83 sold"
"1714669991-73","https://www.ebay.com/b/Mens-Fitness-Running-Shoes/158952/bn_1965202","Adidas ZX 750 Originals Mens Shoes Trainers Uk Size 7 to 12   G96718","IDR1,067,748.50","99 sold"
"1714669991-74","https://www.ebay.com/b/Mens-Fitness-Running-Shoes/158952/bn_1965202","Supreme x Nike SB Dunk Low Gray Red FC1688-121","IDR4,870,967.74",""
"1714669991-75","https://www.ebay.com/b/Mens-Fitness-Running-Shoes/158952/bn_1965202","Nike x Ben & Jerry's SB Dunk Low ""Chunky Dunky"" sneakers","IDR5,080,645.16",""
"1714669991-76","https://www.ebay.com/b/Mens-Fitness-Running-Shoes/158952/bn_1965202","New Balance Men's Fresh Foam X 1080 V12 Running Shoe Sage Leaf","",""
"1714669991-77","https://www.ebay.com/b/Mens-Fitness-Running-Shoes/158952/bn_1965202","adidas Samba OG Mens Originals Shoes Trainers Uk Size 5 - 12  B75806 White black","IDR1,309,347.00","209 sold"
"1714669991-78","https://www.ebay.com/b/Mens-Fitness-Running-Shoes/158952/bn_1965202","adidas dragon Mens Originals Trainers Uk Size 7 - 12  G50919 NAVY WHITE MET GOLD","IDR1,168,297.00","160 sold"
"1714669991-79","https://www.ebay.com/b/Mens-Fitness-Running-Shoes/158952/bn_1965202","adidas ZX 750 Mens Shoes Trainers Uk Size 7 to 12 GW5531 Originals  Black Silver","IDR1,309,145.50","162 sold"
"1714669991-80","https://www.ebay.com/b/Mens-Fitness-Running-Shoes/158952/bn_1965202","adidas Samba Super Mens Shoes Trainers Uk Size 7 to 12  019099  Black Leather","IDR1,047,598.50","368 sold"
"1714669991-81","https://www.ebay.com/b/Mens-Fitness-Running-Shoes/158952/bn_1965202","New Balance 9060 U9060WRB Warped Multi-Color Sneaker Men's","IDR3,193,548.39",""
"1714669991-82","https://www.ebay.com/b/Mens-Fitness-Running-Shoes/158952/bn_1965202","New Balance 9060 Beach Glass U9060NBN","IDR3,258,064.52","4 watching"
"1714669991-83","https://www.ebay.com/b/Mens-Fitness-Running-Shoes/158952/bn_1965202","Travis Scott Air Jordan 1 Retro Low OG SP Reverse Mocha Men’s sneakers us10=eu44","IDR4,193,387.10","6 watching"
"1714669991-84","https://www.ebay.com/b/Mens-Fitness-Running-Shoes/158952/bn_1965202","adidas ZX 750 Mens Shoes Trainers Uk Size 7 to 12 G40159  Originals  Navy White","IDR1,108,048.50",""
"1714669991-85","https://www.ebay.com/b/Mens-Fitness-Running-Shoes/158952/bn_1965202","For Dunk Low Big Money Savings Unisex Sneakers Casual Street Sports Board Shoes","IDR2,241,935.48",""
"1714669991-86","https://www.ebay.com/b/Mens-Fitness-Running-Shoes/158952/bn_1965202","ASICS Weight Lifting Shoes White / Black 1163A006-100 From Japan US4.5-10 NEW","IDR5,332,096.77","6 watching"
"1714669991-87","https://www.ebay.com/b/Mens-Fitness-Running-Shoes/158952/bn_1965202","adidas AS 520 Originals Mens Shoes Trainers Uk Size 7 to 12 GW8800 Brown Gold","IDR1,168,498.50","38 sold"
"1714669991-88","https://www.ebay.com/b/Mens-Fitness-Running-Shoes/158952/bn_1965202","New Balance 9060 Black (U9060BPM)","IDR1,685,331.61",""
"1714669991-89","https://www.ebay.com/b/Mens-Fitness-Running-Shoes/158952/bn_1965202","Concepts x Nike SB Dunk Low Green Lobster BV1310-337","IDR5,129,032.26",""
"1714669991-90","https://www.ebay.com/b/Mens-Fitness-Running-Shoes/158952/bn_1965202","CONCEPTS x Nike Dunk SB Low ""Orange Lobster"" FD8776-800","IDR5,080,645.16",""
"1714669991-91","https://www.ebay.com/b/Mens-Fitness-Running-Shoes/158952/bn_1965202","ON Running Cloud Terry Mens Running Shoes White 18.99685 5 Sport Fitness Shoe NEW","IDR2,235,780.85","23 watching"
"1714669991-92","https://www.ebay.com/b/Mens-Fitness-Running-Shoes/158952/bn_1965202","ON Running Cloud 5 Mens Sneakers Black 59,98986 Workout Shoes Running Shoes","IDR2,390,863.92","2 watching"
"1714669991-93","https://www.ebay.com/b/Mens-Fitness-Running-Shoes/158952/bn_1965202","Adidas Beckenbauer Originals Mens Shoes Trainers Uk Sizes 7 to 12   B34800","IDR1,208,798.50","47 sold"
"1714669991-94","https://www.ebay.com/b/Mens-Fitness-Running-Shoes/158952/bn_1965202","Adidas Mens Ultraboost 22 / White Blue Red / RRP £160","IDR1,551,550.00","7 watching"
"1714669991-95","https://www.ebay.com/b/Mens-Fitness-Running-Shoes/158952/bn_1965202","New Balance 'Warped Multi-Color' U9060WRB Sports running shoes","IDR3,000,000.00",""
"1714669991-96","https://www.ebay.com/b/Mens-Fitness-Running-Shoes/158952/bn_1965202","Kineya Muteki Tabi Japanese Running Shoes Ninja Split Toe Black Barefoot Feeling","IDR1,241,935.48","94 watching"
"1714669991-97","https://www.ebay.com/b/Mens-Fitness-Running-Shoes/158952/bn_1965202","ASICS Superblast Breathable Mesh Outdoor Anti slip Running Shoes 1013A127 700","IDR3,064,516.13",""
"1714669991-98","https://www.ebay.com/b/Mens-Fitness-Running-Shoes/158952/bn_1965202","Travis Scott x Nike SB Dunk Low Premium QS 'Cactus Jack' CT5053‑001","IDR3,838,709.68",""
"1714669991-99","https://www.ebay.com/b/Mens-Fitness-Running-Shoes/158952/bn_1965202","Travis Scott x Air Jordan 1 Low Golf 'Neutral Olive' Dunk FZ3124‑200","IDR5,129,032.26",""
"1714669991-100","https://www.ebay.com/b/Mens-Fitness-Running-Shoes/158952/bn_1965202","Balenciaga Cargo Men's Gray/White Low Top Sneakers New Paris Fashion Week","","13 watching"
"1714669991-101","https://www.ebay.com/b/Mens-Fitness-Running-Shoes/158952/bn_1965202","Puma Explore NITRO Mid GTX - GORE-TEX - 377860-03 Hiking Shoes Outdoor Shoes","IDR1,718,837.31",""
"1714669991-102","https://www.ebay.com/b/Mens-Fitness-Running-Shoes/158952/bn_1965202","Adidas Jeans Originals Mens Shoes Trainers Uk Size 7 - 12   IE5318  BLUE WHITE","IDR1,309,548.50","61 watching"
"1714669991-103","https://www.ebay.com/b/Mens-Fitness-Running-Shoes/158952/bn_1965202","Brooks Running Shoes Mens Glycerin 19 Running Sport Training Jogging DNA Loft 42","IDR1,188,108.60","Only 1 left!"
"1714669991-104","https://www.ebay.com/b/Mens-Fitness-Running-Shoes/158952/bn_1965202","adidas alphabounce + sustainable bounce sneaker sneakers athletic shoes","IDR861,400.27","172 sold"
"1714669991-105","https://www.ebay.com/b/Mens-Fitness-Running-Shoes/158952/bn_1965202","SNORS LACES ROUND 60-150cm 3mm polyester sports shoes sneakers sneakers","IDR60,137.77","180 sold"
"1714669991-106","https://www.ebay.com/b/Mens-Fitness-Running-Shoes/158952/bn_1965202","Adidas Jeans Originals Mens Shoes Trainers Uk Size 7 - 11   CQ2769  Grey blue","IDR1,128,198.50","51 sold"
"1714669991-107","https://www.ebay.com/b/Mens-Fitness-Running-Shoes/158952/bn_1965202","SKECHERS MENS SHOES GREY WALKING MEMORY FOAM SOFT GYM SKETCHERS TRAINERS","IDR1,006,492.50",""
"1714669991-108","https://www.ebay.com/b/Mens-Fitness-Running-Shoes/158952/bn_1965202","Elastic rubber laces round 120 cm quick release quick lacing system","IDR120,447.85","209 sold"
"1714669991-109","https://www.ebay.com/b/Mens-Fitness-Running-Shoes/158952/bn_1965202","adidas Dragon Originals Mens Shoes Trainers Size 7 - 12 G50922  Blue Bird  White","IDR1,047,598.50","60 sold"
"1714669991-110","https://www.ebay.com/b/Mens-Fitness-Running-Shoes/158952/bn_1965202","Mizuno Unisex Wave Prophecy 11 Running Shoes Trainers Jogging Sports - Black","IDR2,208,064.52",""
"1714669991-111","https://www.ebay.com/b/Mens-Fitness-Running-Shoes/158952/bn_1965202","Adidas Yeezy Boost 700 V2-EF2829 Static Kanye West shoes Men's","IDR3,693,548.39",""
"1714669991-112","https://www.ebay.com/b/Mens-Fitness-Running-Shoes/158952/bn_1965202","Merrell Mens Speed Strike GORE-TEX Walking Shoes Trainers Outdoor Hiking - Black","IDR1,468,935.00",""
"1714669991-113","https://www.ebay.com/b/Mens-Fitness-Running-Shoes/158952/bn_1965202","PUMA Men's R78 Sneakers","","104 sold"
"1714669991-114","https://www.ebay.com/b/Mens-Fitness-Running-Shoes/158952/bn_1965202","adidas Mens Cloud Ultra 4D Trainers Sneakers Sports Shoes Runners Running","IDR2,015,000.00","4 watching"
"1714669991-115","https://www.ebay.com/b/Mens-Fitness-Running-Shoes/158952/bn_1965202","Brooks Mens Ghost 14 Running Shoes Trainers Sneakers Jogging Sports Grey","IDR1,468,935.00",""
"1714669991-116","https://www.ebay.com/b/Mens-Fitness-Running-Shoes/158952/bn_1965202","Mizuno Unisex Wave Prophecy 11 Running Shoes Trainers Jogging Sports - Black","IDR2,476,435.00",""
"1714669991-117","https://www.ebay.com/b/Mens-Fitness-Running-Shoes/158952/bn_1965202","ORIGINAL BW BUNDESWEHR SAMBA SPORTS SHOES HALL SHOES SNEAKER WHITE","IDR261,056.48","4 watching"
"1714669991-118","https://www.ebay.com/b/Mens-Fitness-Running-Shoes/158952/bn_1965202","PUMA Men's Smash v2 Sneakers","",""
"1714669991-119","https://www.ebay.com/b/Mens-Fitness-Running-Shoes/158952/bn_1965202","Travis Scott x Frgment Design x Low OG SP Men’s sneakers Air Jordan original box","IDR4,193,387.10",""
"1714669991-120","https://www.ebay.com/b/Mens-Fitness-Running-Shoes/158952/bn_1965202","Brooks Mens Glycerin GTS 20 Running Shoes Trainers Jogging Sports - Black","IDR1,811,485.00",""
